id	title	url	score	time	descendants	by	karma
id	title	url	score	time	descendants	by	karma
id	title	url	score	time	descendants	by	karma
id	title	url	score	time	descendants	by	karma
id	title	url	score	time	descendants	by	karma
id	title	url	score	time	descendants	by	karma
id	title	url	score	time	descendants	by	karma
id	title	url	score	time	descendants	by	karma
id	title	url	score	time	descendants	by	karma
id	title	url	score	time	descendants	by	karma
id	title	url	score	time	descendants	by	karma
id	title	url	score	time	descendants	by	karma
id	title	url	score	time	descendants	by	karma
id	title	url	score	time	descendants	by	karma
id	title	url	score	time	descendants	by	karma
id	title	url	score	time	descendants	by	karma
id	title	url	score	time	descendants	by	karma
id	title	url	score	time	descendants	by	karma
id	title	url	score	time	descendants	by	karma
id	title	url	score	time	descendants	by	karma
id	title	url	score	time	descendants	by	karma
id	title	url	score	time	descendants	by	karma
id	title	url	score	time	descendants	by	karma
id	title	url	score	time	descendants	by	karma
id	title	url	score	time	descendants	by	karma
id	title	url	score	time	descendants	by	karma
id	title	url	score	time	descendants	by	karma
id	title	url	score	time	descendants	by	karma
id	title	url	score	time	descendants	by	karma
id	title	url	score	time	descendants	by	karma
id	title	url	score	time	descendants	by	karma
id	title	url	score	time	descendants	by	karma
id	title	url	score	time	descendants	by	karma
id	title	url	score	time	descendants	by	karma
id	title	url	score	time	descendants	by	karma
id	title	url	score	time	descendants	by	karma
id	title	url	score	time	descendants	by	karma
id	title	url	score	time	descendants	by	karma
id	title	url	score	time	descendants	by	karma
id	title	url	score	time	descendants	by	karma
id	title	url	score	time	descendants	by	karma
id	title	url	score	time	descendants	by	karma
id	title	url	score	time	descendants	by	karma
id	title	url	score	time	descendants	by	karma
id	title	url	score	time	descendants	by	karma
id	title	url	score	time	descendants	by	karma
id	title	url	score	time	descendants	by	karma
id	title	url	score	time	descendants	by	karma
id	title	url	score	time	descendants	by	karma
id	title	url	score	time	descendants	by	karma
id	title	url	score	time	descendants	by	karma
id	title	url	score	time	descendants	by	karma
id	title	url	score	time	descendants	by	karma
id	title	url	score	time	descendants	by	karma
id	title	url	score	time	descendants	by	karma
id	title	url	score	time	descendants	by	karma
id	title	url	score	time	descendants	by	karma
id	title	url	score	time	descendants	by	karma
id	title	url	score	time	descendants	by	karma
id	title	url	score	time	descendants	by	karma
id	title	url	score	time	descendants	by	karma
id	title	url	score	time	descendants	by	karma
id	title	url	score	time	descendants	by	karma
id	title	url	score	time	descendants	by	karma
id	title	url	score	time	descendants	by	karma
id	title	url	score	time	descendants	by	karma
id	title	url	score	time	descendants	by	karma
id	title	url	score	time	descendants	by	karma
id	title	url	score	time	descendants	by	karma
id	title	url	score	time	descendants	by	karma
id	title	url	score	time	descendants	by	karma
id	title	url	score	time	descendants	by	karma
id	title	url	score	time	descendants	by	karma
id	title	url	score	time	descendants	by	karma
id	title	url	score	time	descendants	by	karma
id	title	url	score	time	descendants	by	karma
id	title	url	score	time	descendants	by	karma
id	title	url	score	time	descendants	by	karma
id	title	url	score	time	descendants	by	karma
id	title	url	score	time	descendants	by	karma
id	title	url	score	time	descendants	by	karma
id	title	url	score	time	descendants	by	karma
id	title	url	score	time	descendants	by	karma
id	title	url	score	time	descendants	by	karma
id	title	url	score	time	descendants	by	karma
id	title	url	score	time	descendants	by	karma
id	title	url	score	time	descendants	by	karma
id	title	url	score	time	descendants	by	karma
id	title	url	score	time	descendants	by	karma
id	title	url	score	time	descendants	by	karma
id	title	url	score	time	descendants	by	karma
id	title	url	score	time	descendants	by	karma
id	title	url	score	time	descendants	by	karma
id	title	url	score	time	descendants	by	karma
id	title	url	score	time	descendants	by	karma
id	title	url	score	time	descendants	by	karma
id	title	url	score	time	descendants	by	karma
id	title	url	score	time	descendants	by	karma
id	title	url	score	time	descendants	by	karma
id	title	url	score	time	descendants	by	karma
id	title	url	score	time	descendants	by	karma
id	title	url	score	time	descendants	by	karma
id	title	url	score	time	descendants	by	karma
id	title	url	score	time	descendants	by	karma
id	title	url	score	time	descendants	by	karma
id	title	url	score	time	descendants	by	karma
id	title	url	score	time	descendants	by	karma
id	title	url	score	time	descendants	by	karma
id	title	url	score	time	descendants	by	karma
id	title	url	score	time	descendants	by	karma
id	title	url	score	time	descendants	by	karma
id	title	url	score	time	descendants	by	karma
id	title	url	score	time	descendants	by	karma
id	title	url	score	time	descendants	by	karma
id	title	url	score	time	descendants	by	karma
id	title	url	score	time	descendants	by	karma
id	title	url	score	time	descendants	by	karma
id	title	url	score	time	descendants	by	karma
id	title	url	score	time	descendants	by	karma
id	title	url	score	time	descendants	by	karma
id	title	url	score	time	descendants	by	karma
id	title	url	score	time	descendants	by	karma
id	title	url	score	time	descendants	by	karma
id	title	url	score	time	descendants	by	karma
id	title	url	score	time	descendants	by	karma
id	title	url	score	time	descendants	by	karma
id	title	url	score	time	descendants	by	karma
id	title	url	score	time	descendants	by	karma
id	title	url	score	time	descendants	by	karma
id	title	url	score	time	descendants	by	karma
id	title	url	score	time	descendants	by	karma
id	title	url	score	time	descendants	by	karma
id	title	url	score	time	descendants	by	karma
id	title	url	score	time	descendants	by	karma
id	title	url	score	time	descendants	by	karma
id	title	url	score	time	descendants	by	karma
id	title	url	score	time	descendants	by	karma
id	title	url	score	time	descendants	by	karma
id	title	url	score	time	descendants	by	karma
id	title	url	score	time	descendants	by	karma
id	title	url	score	time	descendants	by	karma
id	title	url	score	time	descendants	by	karma
id	title	url	score	time	descendants	by	karma
id	title	url	score	time	descendants	by	karma
id	title	url	score	time	descendants	by	karma
id	title	url	score	time	descendants	by	karma
id	title	url	score	time	descendants	by	karma
id	title	url	score	time	descendants	by	karma
id	title	url	score	time	descendants	by	karma
id	title	url	score	time	descendants	by	karma
id	title	url	score	time	descendants	by	karma
id	title	url	score	time	descendants	by	karma
id	title	url	score	time	descendants	by	karma
id	title	url	score	time	descendants	by	karma
id	title	url	score	time	descendants	by	karma
id	title	url	score	time	descendants	by	karma
id	title	url	score	time	descendants	by	karma
id	title	url	score	time	descendants	by	karma
id	title	url	score	time	descendants	by	karma
id	title	url	score	time	descendants	by	karma
id	title	url	score	time	descendants	by	karma
id	title	url	score	time	descendants	by	karma
id	title	url	score	time	descendants	by	karma
id	title	url	score	time	descendants	by	karma
id	title	url	score	time	descendants	by	karma
id	title	url	score	time	descendants	by	karma
id	title	url	score	time	descendants	by	karma
id	title	url	score	time	descendants	by	karma
id	title	url	score	time	descendants	by	karma
id	title	url	score	time	descendants	by	karma
id	title	url	score	time	descendants	by	karma
id	title	url	score	time	descendants	by	karma
id	title	url	score	time	descendants	by	karma
id	title	url	score	time	descendants	by	karma
id	title	url	score	time	descendants	by	karma
id	title	url	score	time	descendants	by	karma
id	title	url	score	time	descendants	by	karma
id	title	url	score	time	descendants	by	karma
id	title	url	score	time	descendants	by	karma
id	title	url	score	time	descendants	by	karma
id	title	url	score	time	descendants	by	karma
id	title	url	score	time	descendants	by	karma
id	title	url	score	time	descendants	by	karma
id	title	url	score	time	descendants	by	karma
id	title	url	score	time	descendants	by	karma
id	title	url	score	time	descendants	by	karma
id	title	url	score	time	descendants	by	karma
id	title	url	score	time	descendants	by	karma
id	title	url	score	time	descendants	by	karma
id	title	url	score	time	descendants	by	karma
id	title	url	score	time	descendants	by	karma
id	title	url	score	time	descendants	by	karma
id	title	url	score	time	descendants	by	karma
id	title	url	score	time	descendants	by	karma
id	title	url	score	time	descendants	by	karma
id	title	url	score	time	descendants	by	karma
id	title	url	score	time	descendants	by	karma
id	title	url	score	time	descendants	by	karma
id	title	url	score	time	descendants	by	karma
id	title	url	score	time	descendants	by	karma
id	title	url	score	time	descendants	by	karma
id	title	url	score	time	descendants	by	karma
id	title	url	score	time	descendants	by	karma
id	title	url	score	time	descendants	by	karma
id	title	url	score	time	descendants	by	karma
id	title	url	score	time	descendants	by	karma
id	title	url	score	time	descendants	by	karma
id	title	url	score	time	descendants	by	karma
id	title	url	score	time	descendants	by	karma
id	title	url	score	time	descendants	by	karma
id	title	url	score	time	descendants	by	karma
id	title	url	score	time	descendants	by	karma
id	title	url	score	time	descendants	by	karma
id	title	url	score	time	descendants	by	karma
id	title	url	score	time	descendants	by	karma
id	title	url	score	time	descendants	by	karma
id	title	url	score	time	descendants	by	karma
id	title	url	score	time	descendants	by	karma
id	title	url	score	time	descendants	by	karma
id	title	url	score	time	descendants	by	karma
id	title	url	score	time	descendants	by	karma
id	title	url	score	time	descendants	by	karma
id	title	url	score	time	descendants	by	karma
id	title	url	score	time	descendants	by	karma
id	title	url	score	time	descendants	by	karma
id	title	url	score	time	descendants	by	karma
id	title	url	score	time	descendants	by	karma
id	title	url	score	time	descendants	by	karma
id	title	url	score	time	descendants	by	karma
id	title	url	score	time	descendants	by	karma
id	title	url	score	time	descendants	by	karma
id	title	url	score	time	descendants	by	karma
id	title	url	score	time	descendants	by	karma
id	title	url	score	time	descendants	by	karma
id	title	url	score	time	descendants	by	karma
id	title	url	score	time	descendants	by	karma
id	title	url	score	time	descendants	by	karma
id	title	url	score	time	descendants	by	karma
id	title	url	score	time	descendants	by	karma
id	title	url	score	time	descendants	by	karma
id	title	url	score	time	descendants	by	karma
id	title	url	score	time	descendants	by	karma
id	title	url	score	time	descendants	by	karma
id	title	url	score	time	descendants	by	karma
id	title	url	score	time	descendants	by	karma
id	title	url	score	time	descendants	by	karma
id	title	url	score	time	descendants	by	karma
id	title	url	score	time	descendants	by	karma
id	title	url	score	time	descendants	by	karma
id	title	url	score	time	descendants	by	karma
id	title	url	score	time	descendants	by	karma
id	title	url	score	time	descendants	by	karma
id	title	url	score	time	descendants	by	karma
id	title	url	score	time	descendants	by	karma
id	title	url	score	time	descendants	by	karma
id	title	url	score	time	descendants	by	karma
id	title	url	score	time	descendants	by	karma
id	title	url	score	time	descendants	by	karma
id	title	url	score	time	descendants	by	karma
id	title	url	score	time	descendants	by	karma
id	title	url	score	time	descendants	by	karma
id	title	url	score	time	descendants	by	karma
id	title	url	score	time	descendants	by	karma
id	title	url	score	time	descendants	by	karma
id	title	url	score	time	descendants	by	karma
id	title	url	score	time	descendants	by	karma
id	title	url	score	time	descendants	by	karma
id	title	url	score	time	descendants	by	karma
id	title	url	score	time	descendants	by	karma
id	title	url	score	time	descendants	by	karma
id	title	url	score	time	descendants	by	karma
id	title	url	score	time	descendants	by	karma
id	title	url	score	time	descendants	by	karma
id	title	url	score	time	descendants	by	karma
id	title	url	score	time	descendants	by	karma
id	title	url	score	time	descendants	by	karma
id	title	url	score	time	descendants	by	karma
id	title	url	score	time	descendants	by	karma
id	title	url	score	time	descendants	by	karma
id	title	url	score	time	descendants	by	karma
id	title	url	score	time	descendants	by	karma
id	title	url	score	time	descendants	by	karma
id	title	url	score	time	descendants	by	karma
id	title	url	score	time	descendants	by	karma
id	title	url	score	time	descendants	by	karma
id	title	url	score	time	descendants	by	karma
id	title	url	score	time	descendants	by	karma
id	title	url	score	time	descendants	by	karma
id	title	url	score	time	descendants	by	karma
id	title	url	score	time	descendants	by	karma
id	title	url	score	time	descendants	by	karma
id	title	url	score	time	descendants	by	karma
id	title	url	score	time	descendants	by	karma
id	title	url	score	time	descendants	by	karma
id	title	url	score	time	descendants	by	karma
id	title	url	score	time	descendants	by	karma
id	title	url	score	time	descendants	by	karma
id	title	url	score	time	descendants	by	karma
id	title	url	score	time	descendants	by	karma
id	title	url	score	time	descendants	by	karma
id	title	url	score	time	descendants	by	karma
id	title	url	score	time	descendants	by	karma
id	title	url	score	time	descendants	by	karma
id	title	url	score	time	descendants	by	karma
id	title	url	score	time	descendants	by	karma
id	title	url	score	time	descendants	by	karma
id	title	url	score	time	descendants	by	karma
id	title	url	score	time	descendants	by	karma
id	title	url	score	time	descendants	by	karma
id	title	url	score	time	descendants	by	karma
id	title	url	score	time	descendants	by	karma
id	title	url	score	time	descendants	by	karma
id	title	url	score	time	descendants	by	karma
id	title	url	score	time	descendants	by	karma
id	title	url	score	time	descendants	by	karma
id	title	url	score	time	descendants	by	karma
id	title	url	score	time	descendants	by	karma
id	title	url	score	time	descendants	by	karma
id	title	url	score	time	descendants	by	karma
id	title	url	score	time	descendants	by	karma
id	title	url	score	time	descendants	by	karma
id	title	url	score	time	descendants	by	karma
id	title	url	score	time	descendants	by	karma
id	title	url	score	time	descendants	by	karma
id	title	url	score	time	descendants	by	karma
id	title	url	score	time	descendants	by	karma
id	title	url	score	time	descendants	by	karma
id	title	url	score	time	descendants	by	karma
id	title	url	score	time	descendants	by	karma
id	title	url	score	time	descendants	by	karma
id	title	url	score	time	descendants	by	karma
id	title	url	score	time	descendants	by	karma
id	title	url	score	time	descendants	by	karma
id	title	url	score	time	descendants	by	karma
id	title	url	score	time	descendants	by	karma
id	title	url	score	time	descendants	by	karma
id	title	url	score	time	descendants	by	karma
id	title	url	score	time	descendants	by	karma
id	title	url	score	time	descendants	by	karma
id	title	url	score	time	descendants	by	karma
id	title	url	score	time	descendants	by	karma
id	title	url	score	time	descendants	by	karma
id	title	url	score	time	descendants	by	karma
id	title	url	score	time	descendants	by	karma
id	title	url	score	time	descendants	by	karma
id	title	url	score	time	descendants	by	karma
id	title	url	score	time	descendants	by	karma
id	title	url	score	time	descendants	by	karma
id	title	url	score	time	descendants	by	karma
id	title	url	score	time	descendants	by	karma
id	title	url	score	time	descendants	by	karma
id	title	url	score	time	descendants	by	karma
id	title	url	score	time	descendants	by	karma
id	title	url	score	time	descendants	by	karma
id	title	url	score	time	descendants	by	karma
id	title	url	score	time	descendants	by	karma
id	title	url	score	time	descendants	by	karma
id	title	url	score	time	descendants	by	karma
id	title	url	score	time	descendants	by	karma
id	title	url	score	time	descendants	by	karma
id	title	url	score	time	descendants	by	karma
id	title	url	score	time	descendants	by	karma
id	title	url	score	time	descendants	by	karma
id	title	url	score	time	descendants	by	karma
id	title	url	score	time	descendants	by	karma
id	title	url	score	time	descendants	by	karma
id	title	url	score	time	descendants	by	karma
id	title	url	score	time	descendants	by	karma
id	title	url	score	time	descendants	by	karma
id	title	url	score	time	descendants	by	karma
id	title	url	score	time	descendants	by	karma
id	title	url	score	time	descendants	by	karma
id	title	url	score	time	descendants	by	karma
id	title	url	score	time	descendants	by	karma
id	title	url	score	time	descendants	by	karma
id	title	url	score	time	descendants	by	karma
id	title	url	score	time	descendants	by	karma
id	title	url	score	time	descendants	by	karma
id	title	url	score	time	descendants	by	karma
id	title	url	score	time	descendants	by	karma
id	title	url	score	time	descendants	by	karma
id	title	url	score	time	descendants	by	karma
id	title	url	score	time	descendants	by	karma
id	title	url	score	time	descendants	by	karma
id	title	url	score	time	descendants	by	karma
id	title	url	score	time	descendants	by	karma
id	title	url	score	time	descendants	by	karma
id	title	url	score	time	descendants	by	karma
id	title	url	score	time	descendants	by	karma
id	title	url	score	time	descendants	by	karma
id	title	url	score	time	descendants	by	karma
id	title	url	score	time	descendants	by	karma
id	title	url	score	time	descendants	by	karma
id	title	url	score	time	descendants	by	karma
id	title	url	score	time	descendants	by	karma
id	title	url	score	time	descendants	by	karma
id	title	url	score	time	descendants	by	karma
id	title	url	score	time	descendants	by	karma
id	title	url	score	time	descendants	by	karma
id	title	url	score	time	descendants	by	karma
id	title	url	score	time	descendants	by	karma
id	title	url	score	time	descendants	by	karma
id	title	url	score	time	descendants	by	karma
id	title	url	score	time	descendants	by	karma
id	title	url	score	time	descendants	by	karma
id	title	url	score	time	descendants	by	karma
id	title	url	score	time	descendants	by	karma
id	title	url	score	time	descendants	by	karma
id	title	url	score	time	descendants	by	karma
id	title	url	score	time	descendants	by	karma
id	title	url	score	time	descendants	by	karma
id	title	url	score	time	descendants	by	karma
id	title	url	score	time	descendants	by	karma
id	title	url	score	time	descendants	by	karma
id	title	url	score	time	descendants	by	karma
id	title	url	score	time	descendants	by	karma
id	title	url	score	time	descendants	by	karma
id	title	url	score	time	descendants	by	karma
id	title	url	score	time	descendants	by	karma
id	title	url	score	time	descendants	by	karma
id	title	url	score	time	descendants	by	karma
id	title	url	score	time	descendants	by	karma
id	title	url	score	time	descendants	by	karma
id	title	url	score	time	descendants	by	karma
id	title	url	score	time	descendants	by	karma
id	title	url	score	time	descendants	by	karma
id	title	url	score	time	descendants	by	karma
id	title	url	score	time	descendants	by	karma
id	title	url	score	time	descendants	by	karma
id	title	url	score	time	descendants	by	karma
id	title	url	score	time	descendants	by	karma
id	title	url	score	time	descendants	by	karma
id	title	url	score	time	descendants	by	karma
id	title	url	score	time	descendants	by	karma
id	title	url	score	time	descendants	by	karma
id	title	url	score	time	descendants	by	karma
id	title	url	score	time	descendants	by	karma
id	title	url	score	time	descendants	by	karma
id	title	url	score	time	descendants	by	karma
id	title	url	score	time	descendants	by	karma
id	title	url	score	time	descendants	by	karma
id	title	url	score	time	descendants	by	karma
id	title	url	score	time	descendants	by	karma
id	title	url	score	time	descendants	by	karma
id	title	url	score	time	descendants	by	karma
id	title	url	score	time	descendants	by	karma
id	title	url	score	time	descendants	by	karma
id	title	url	score	time	descendants	by	karma
id	title	url	score	time	descendants	by	karma
id	title	url	score	time	descendants	by	karma
id	title	url	score	time	descendants	by	karma
id	title	url	score	time	descendants	by	karma
id	title	url	score	time	descendants	by	karma
id	title	url	score	time	descendants	by	karma
id	title	url	score	time	descendants	by	karma
id	title	url	score	time	descendants	by	karma
id	title	url	score	time	descendants	by	karma
id	title	url	score	time	descendants	by	karma
id	title	url	score	time	descendants	by	karma
id	title	url	score	time	descendants	by	karma
id	title	url	score	time	descendants	by	karma
id	title	url	score	time	descendants	by	karma
id	title	url	score	time	descendants	by	karma
id	title	url	score	time	descendants	by	karma
id	title	url	score	time	descendants	by	karma
id	title	url	score	time	descendants	by	karma
id	title	url	score	time	descendants	by	karma
id	title	url	score	time	descendants	by	karma
id	title	url	score	time	descendants	by	karma
id	title	url	score	time	descendants	by	karma
id	title	url	score	time	descendants	by	karma
id	title	url	score	time	descendants	by	karma
id	title	url	score	time	descendants	by	karma
id	title	url	score	time	descendants	by	karma
id	title	url	score	time	descendants	by	karma
id	title	url	score	time	descendants	by	karma
id	title	url	score	time	descendants	by	karma
id	title	url	score	time	descendants	by	karma
id	title	url	score	time	descendants	by	karma
id	title	url	score	time	descendants	by	karma
id	title	url	score	time	descendants	by	karma
id	title	url	score	time	descendants	by	karma
id	title	url	score	time	descendants	by	karma
id	title	url	score	time	descendants	by	karma
id	title	url	score	time	descendants	by	karma
id	title	url	score	time	descendants	by	karma
id	title	url	score	time	descendants	by	karma
id	title	url	score	time	descendants	by	karma
id	title	url	score	time	descendants	by	karma
id	title	url	score	time	descendants	by	karma
id	title	url	score	time	descendants	by	karma
id	title	url	score	time	descendants	by	karma
id	title	url	score	time	descendants	by	karma
id	title	url	score	time	descendants	by	karma
id	title	url	score	time	descendants	by	karma
id	title	url	score	time	descendants	by	karma
id	title	url	score	time	descendants	by	karma
id	title	url	score	time	descendants	by	karma
id	title	url	score	time	descendants	by	karma
id	title	url	score	time	descendants	by	karma
id	title	url	score	time	descendants	by	karma
id	title	url	score	time	descendants	by	karma
id	title	url	score	time	descendants	by	karma
id	title	url	score	time	descendants	by	karma
id	title	url	score	time	descendants	by	karma
id	title	url	score	time	descendants	by	karma
id	title	url	score	time	descendants	by	karma
id	title	url	score	time	descendants	by	karma
id	title	url	score	time	descendants	by	karma
id	title	url	score	time	descendants	by	karma
id	title	url	score	time	descendants	by	karma
id	title	url	score	time	descendants	by	karma
id	title	url	score	time	descendants	by	karma
id	title	url	score	time	descendants	by	karma
id	title	url	score	time	descendants	by	karma
id	title	url	score	time	descendants	by	karma
id	title	url	score	time	descendants	by	karma
id	title	url	score	time	descendants	by	karma
id	title	url	score	time	descendants	by	karma
id	title	url	score	time	descendants	by	karma
id	title	url	score	time	descendants	by	karma
id	title	url	score	time	descendants	by	karma
id	title	url	score	time	descendants	by	karma
id	title	url	score	time	descendants	by	karma
id	title	url	score	time	descendants	by	karma
id	title	url	score	time	descendants	by	karma
id	title	url	score	time	descendants	by	karma
id	title	url	score	time	descendants	by	karma
id	title	url	score	time	descendants	by	karma
id	title	url	score	time	descendants	by	karma
id	title	url	score	time	descendants	by	karma
id	title	url	score	time	descendants	by	karma
id	title	url	score	time	descendants	by	karma
id	title	url	score	time	descendants	by	karma
id	title	url	score	time	descendants	by	karma
id	title	url	score	time	descendants	by	karma
id	title	url	score	time	descendants	by	karma
id	title	url	score	time	descendants	by	karma
id	title	url	score	time	descendants	by	karma
id	title	url	score	time	descendants	by	karma
id	title	url	score	time	descendants	by	karma
id	title	url	score	time	descendants	by	karma
id	title	url	score	time	descendants	by	karma
id	title	url	score	time	descendants	by	karma
id	title	url	score	time	descendants	by	karma
id	title	url	score	time	descendants	by	karma
id	title	url	score	time	descendants	by	karma
id	title	url	score	time	descendants	by	karma
id	title	url	score	time	descendants	by	karma
id	title	url	score	time	descendants	by	karma
id	title	url	score	time	descendants	by	karma
id	title	url	score	time	descendants	by	karma
id	title	url	score	time	descendants	by	karma
id	title	url	score	time	descendants	by	karma
id	title	url	score	time	descendants	by	karma
id	title	url	score	time	descendants	by	karma
id	title	url	score	time	descendants	by	karma
id	title	url	score	time	descendants	by	karma
id	title	url	score	time	descendants	by	karma
id	title	url	score	time	descendants	by	karma
id	title	url	score	time	descendants	by	karma
id	title	url	score	time	descendants	by	karma
id	title	url	score	time	descendants	by	karma
id	title	url	score	time	descendants	by	karma
id	title	url	score	time	descendants	by	karma
id	title	url	score	time	descendants	by	karma
id	title	url	score	time	descendants	by	karma
id	title	url	score	time	descendants	by	karma
id	title	url	score	time	descendants	by	karma
id	title	url	score	time	descendants	by	karma
id	title	url	score	time	descendants	by	karma
id	title	url	score	time	descendants	by	karma
id	title	url	score	time	descendants	by	karma
id	title	url	score	time	descendants	by	karma
id	title	url	score	time	descendants	by	karma
id	title	url	score	time	descendants	by	karma
id	title	url	score	time	descendants	by	karma
id	title	url	score	time	descendants	by	karma
id	title	url	score	time	descendants	by	karma
id	title	url	score	time	descendants	by	karma
id	title	url	score	time	descendants	by	karma
id	title	url	score	time	descendants	by	karma
id	title	url	score	time	descendants	by	karma
id	title	url	score	time	descendants	by	karma
id	title	url	score	time	descendants	by	karma
id	title	url	score	time	descendants	by	karma
id	title	url	score	time	descendants	by	karma
id	title	url	score	time	descendants	by	karma
id	title	url	score	time	descendants	by	karma
id	title	url	score	time	descendants	by	karma
id	title	url	score	time	descendants	by	karma
id	title	url	score	time	descendants	by	karma
id	title	url	score	time	descendants	by	karma
id	title	url	score	time	descendants	by	karma
id	title	url	score	time	descendants	by	karma
id	title	url	score	time	descendants	by	karma
id	title	url	score	time	descendants	by	karma
id	title	url	score	time	descendants	by	karma
id	title	url	score	time	descendants	by	karma
id	title	url	score	time	descendants	by	karma
id	title	url	score	time	descendants	by	karma
id	title	url	score	time	descendants	by	karma
id	title	url	score	time	descendants	by	karma
id	title	url	score	time	descendants	by	karma
id	title	url	score	time	descendants	by	karma
id	title	url	score	time	descendants	by	karma
id	title	url	score	time	descendants	by	karma
id	title	url	score	time	descendants	by	karma
id	title	url	score	time	descendants	by	karma
id	title	url	score	time	descendants	by	karma
id	title	url	score	time	descendants	by	karma
id	title	url	score	time	descendants	by	karma
id	title	url	score	time	descendants	by	karma
id	title	url	score	time	descendants	by	karma
id	title	url	score	time	descendants	by	karma
id	title	url	score	time	descendants	by	karma
id	title	url	score	time	descendants	by	karma
id	title	url	score	time	descendants	by	karma
id	title	url	score	time	descendants	by	karma
id	title	url	score	time	descendants	by	karma
id	title	url	score	time	descendants	by	karma
id	title	url	score	time	descendants	by	karma
id	title	url	score	time	descendants	by	karma
id	title	url	score	time	descendants	by	karma
id	title	url	score	time	descendants	by	karma
id	title	url	score	time	descendants	by	karma
id	title	url	score	time	descendants	by	karma
id	title	url	score	time	descendants	by	karma
id	title	url	score	time	descendants	by	karma
id	title	url	score	time	descendants	by	karma
id	title	url	score	time	descendants	by	karma
id	title	url	score	time	descendants	by	karma
id	title	url	score	time	descendants	by	karma
id	title	url	score	time	descendants	by	karma
id	title	url	score	time	descendants	by	karma
id	title	url	score	time	descendants	by	karma
id	title	url	score	time	descendants	by	karma
id	title	url	score	time	descendants	by	karma
id	title	url	score	time	descendants	by	karma
id	title	url	score	time	descendants	by	karma
id	title	url	score	time	descendants	by	karma
id	title	url	score	time	descendants	by	karma
id	title	url	score	time	descendants	by	karma
id	title	url	score	time	descendants	by	karma
id	title	url	score	time	descendants	by	karma
id	title	url	score	time	descendants	by	karma
id	title	url	score	time	descendants	by	karma
id	title	url	score	time	descendants	by	karma
id	title	url	score	time	descendants	by	karma
id	title	url	score	time	descendants	by	karma
id	title	url	score	time	descendants	by	karma
id	title	url	score	time	descendants	by	karma
id	title	url	score	time	descendants	by	karma
id	title	url	score	time	descendants	by	karma
id	title	url	score	time	descendants	by	karma
id	title	url	score	time	descendants	by	karma
id	title	url	score	time	descendants	by	karma
id	title	url	score	time	descendants	by	karma
id	title	url	score	time	descendants	by	karma
id	title	url	score	time	descendants	by	karma
id	title	url	score	time	descendants	by	karma
id	title	url	score	time	descendants	by	karma
id	title	url	score	time	descendants	by	karma
id	title	url	score	time	descendants	by	karma
id	title	url	score	time	descendants	by	karma
id	title	url	score	time	descendants	by	karma
id	title	url	score	time	descendants	by	karma
id	title	url	score	time	descendants	by	karma
id	title	url	score	time	descendants	by	karma
id	title	url	score	time	descendants	by	karma
id	title	url	score	time	descendants	by	karma
id	title	url	score	time	descendants	by	karma
id	title	url	score	time	descendants	by	karma
id	title	url	score	time	descendants	by	karma
id	title	url	score	time	descendants	by	karma
id	title	url	score	time	descendants	by	karma
id	title	url	score	time	descendants	by	karma
id	title	url	score	time	descendants	by	karma
id	title	url	score	time	descendants	by	karma
id	title	url	score	time	descendants	by	karma
id	title	url	score	time	descendants	by	karma
id	title	url	score	time	descendants	by	karma
id	title	url	score	time	descendants	by	karma
id	title	url	score	time	descendants	by	karma
id	title	url	score	time	descendants	by	karma
id	title	url	score	time	descendants	by	karma
id	title	url	score	time	descendants	by	karma
id	title	url	score	time	descendants	by	karma
id	title	url	score	time	descendants	by	karma
id	title	url	score	time	descendants	by	karma
id	title	url	score	time	descendants	by	karma
id	title	url	score	time	descendants	by	karma
id	title	url	score	time	descendants	by	karma
id	title	url	score	time	descendants	by	karma
id	title	url	score	time	descendants	by	karma
id	title	url	score	time	descendants	by	karma
id	title	url	score	time	descendants	by	karma
id	title	url	score	time	descendants	by	karma
id	title	url	score	time	descendants	by	karma
id	title	url	score	time	descendants	by	karma
id	title	url	score	time	descendants	by	karma
id	title	url	score	time	descendants	by	karma
id	title	url	score	time	descendants	by	karma
id	title	url	score	time	descendants	by	karma
id	title	url	score	time	descendants	by	karma
id	title	url	score	time	descendants	by	karma
id	title	url	score	time	descendants	by	karma
id	title	url	score	time	descendants	by	karma
id	title	url	score	time	descendants	by	karma
id	title	url	score	time	descendants	by	karma
id	title	url	score	time	descendants	by	karma
id	title	url	score	time	descendants	by	karma
id	title	url	score	time	descendants	by	karma
id	title	url	score	time	descendants	by	karma
id	title	url	score	time	descendants	by	karma
id	title	url	score	time	descendants	by	karma
id	title	url	score	time	descendants	by	karma
id	title	url	score	time	descendants	by	karma
id	title	url	score	time	descendants	by	karma
id	title	url	score	time	descendants	by	karma
id	title	url	score	time	descendants	by	karma
id	title	url	score	time	descendants	by	karma
id	title	url	score	time	descendants	by	karma
id	title	url	score	time	descendants	by	karma
id	title	url	score	time	descendants	by	karma
id	title	url	score	time	descendants	by	karma
id	title	url	score	time	descendants	by	karma
id	title	url	score	time	descendants	by	karma
id	title	url	score	time	descendants	by	karma
id	title	url	score	time	descendants	by	karma
id	title	url	score	time	descendants	by	karma
id	title	url	score	time	descendants	by	karma
id	title	url	score	time	descendants	by	karma
id	title	url	score	time	descendants	by	karma
id	title	url	score	time	descendants	by	karma
id	title	url	score	time	descendants	by	karma
id	title	url	score	time	descendants	by	karma
id	title	url	score	time	descendants	by	karma
id	title	url	score	time	descendants	by	karma
id	title	url	score	time	descendants	by	karma
id	title	url	score	time	descendants	by	karma
id	title	url	score	time	descendants	by	karma
id	title	url	score	time	descendants	by	karma
id	title	url	score	time	descendants	by	karma
id	title	url	score	time	descendants	by	karma
id	title	url	score	time	descendants	by	karma
id	title	url	score	time	descendants	by	karma
id	title	url	score	time	descendants	by	karma
id	title	url	score	time	descendants	by	karma
id	title	url	score	time	descendants	by	karma
id	title	url	score	time	descendants	by	karma
id	title	url	score	time	descendants	by	karma
id	title	url	score	time	descendants	by	karma
id	title	url	score	time	descendants	by	karma
id	title	url	score	time	descendants	by	karma
id	title	url	score	time	descendants	by	karma
id	title	url	score	time	descendants	by	karma
id	title	url	score	time	descendants	by	karma
id	title	url	score	time	descendants	by	karma
id	title	url	score	time	descendants	by	karma
id	title	url	score	time	descendants	by	karma
id	title	url	score	time	descendants	by	karma
id	title	url	score	time	descendants	by	karma
id	title	url	score	time	descendants	by	karma
id	title	url	score	time	descendants	by	karma
id	title	url	score	time	descendants	by	karma
id	title	url	score	time	descendants	by	karma
id	title	url	score	time	descendants	by	karma
id	title	url	score	time	descendants	by	karma
id	title	url	score	time	descendants	by	karma
id	title	url	score	time	descendants	by	karma
id	title	url	score	time	descendants	by	karma
id	title	url	score	time	descendants	by	karma
id	title	url	score	time	descendants	by	karma
id	title	url	score	time	descendants	by	karma
id	title	url	score	time	descendants	by	karma
id	title	url	score	time	descendants	by	karma
id	title	url	score	time	descendants	by	karma
id	title	url	score	time	descendants	by	karma
id	title	url	score	time	descendants	by	karma
id	title	url	score	time	descendants	by	karma
id	title	url	score	time	descendants	by	karma
id	title	url	score	time	descendants	by	karma
id	title	url	score	time	descendants	by	karma
id	title	url	score	time	descendants	by	karma
id	title	url	score	time	descendants	by	karma
id	title	url	score	time	descendants	by	karma
id	title	url	score	time	descendants	by	karma
id	title	url	score	time	descendants	by	karma
id	title	url	score	time	descendants	by	karma
id	title	url	score	time	descendants	by	karma
id	title	url	score	time	descendants	by	karma
id	title	url	score	time	descendants	by	karma
id	title	url	score	time	descendants	by	karma
id	title	url	score	time	descendants	by	karma
id	title	url	score	time	descendants	by	karma
id	title	url	score	time	descendants	by	karma
id	title	url	score	time	descendants	by	karma
id	title	url	score	time	descendants	by	karma
id	title	url	score	time	descendants	by	karma
id	title	url	score	time	descendants	by	karma
id	title	url	score	time	descendants	by	karma
id	title	url	score	time	descendants	by	karma
id	title	url	score	time	descendants	by	karma
id	title	url	score	time	descendants	by	karma
id	title	url	score	time	descendants	by	karma
id	title	url	score	time	descendants	by	karma
id	title	url	score	time	descendants	by	karma
id	title	url	score	time	descendants	by	karma
id	title	url	score	time	descendants	by	karma
id	title	url	score	time	descendants	by	karma
id	title	url	score	time	descendants	by	karma
id	title	url	score	time	descendants	by	karma
id	title	url	score	time	descendants	by	karma
id	title	url	score	time	descendants	by	karma
id	title	url	score	time	descendants	by	karma
id	title	url	score	time	descendants	by	karma
id	title	url	score	time	descendants	by	karma
id	title	url	score	time	descendants	by	karma
id	title	url	score	time	descendants	by	karma
id	title	url	score	time	descendants	by	karma
id	title	url	score	time	descendants	by	karma
id	title	url	score	time	descendants	by	karma
id	title	url	score	time	descendants	by	karma
id	title	url	score	time	descendants	by	karma
id	title	url	score	time	descendants	by	karma
id	title	url	score	time	descendants	by	karma
id	title	url	score	time	descendants	by	karma
id	title	url	score	time	descendants	by	karma
id	title	url	score	time	descendants	by	karma
id	title	url	score	time	descendants	by	karma
id	title	url	score	time	descendants	by	karma
id	title	url	score	time	descendants	by	karma
id	title	url	score	time	descendants	by	karma
id	title	url	score	time	descendants	by	karma
id	title	url	score	time	descendants	by	karma
id	title	url	score	time	descendants	by	karma
id	title	url	score	time	descendants	by	karma
id	title	url	score	time	descendants	by	karma
id	title	url	score	time	descendants	by	karma
id	title	url	score	time	descendants	by	karma
id	title	url	score	time	descendants	by	karma
id	title	url	score	time	descendants	by	karma
id	title	url	score	time	descendants	by	karma
id	title	url	score	time	descendants	by	karma
id	title	url	score	time	descendants	by	karma
id	title	url	score	time	descendants	by	karma
id	title	url	score	time	descendants	by	karma
id	title	url	score	time	descendants	by	karma
id	title	url	score	time	descendants	by	karma
id	title	url	score	time	descendants	by	karma
id	title	url	score	time	descendants	by	karma
id	title	url	score	time	descendants	by	karma
id	title	url	score	time	descendants	by	karma
id	title	url	score	time	descendants	by	karma
id	title	url	score	time	descendants	by	karma
id	title	url	score	time	descendants	by	karma
id	title	url	score	time	descendants	by	karma
id	title	url	score	time	descendants	by	karma
id	title	url	score	time	descendants	by	karma
id	title	url	score	time	descendants	by	karma
id	title	url	score	time	descendants	by	karma
id	title	url	score	time	descendants	by	karma
id	title	url	score	time	descendants	by	karma
id	title	url	score	time	descendants	by	karma
id	title	url	score	time	descendants	by	karma
id	title	url	score	time	descendants	by	karma
id	title	url	score	time	descendants	by	karma
id	title	url	score	time	descendants	by	karma
id	title	url	score	time	descendants	by	karma
id	title	url	score	time	descendants	by	karma
id	title	url	score	time	descendants	by	karma
id	title	url	score	time	descendants	by	karma
id	title	url	score	time	descendants	by	karma
id	title	url	score	time	descendants	by	karma
id	title	url	score	time	descendants	by	karma
id	title	url	score	time	descendants	by	karma
id	title	url	score	time	descendants	by	karma
id	title	url	score	time	descendants	by	karma
id	title	url	score	time	descendants	by	karma
id	title	url	score	time	descendants	by	karma
id	title	url	score	time	descendants	by	karma
id	title	url	score	time	descendants	by	karma
id	title	url	score	time	descendants	by	karma
id	title	url	score	time	descendants	by	karma
id	title	url	score	time	descendants	by	karma
id	title	url	score	time	descendants	by	karma
id	title	url	score	time	descendants	by	karma
id	title	url	score	time	descendants	by	karma
id	title	url	score	time	descendants	by	karma
id	title	url	score	time	descendants	by	karma
id	title	url	score	time	descendants	by	karma
id	title	url	score	time	descendants	by	karma
id	title	url	score	time	descendants	by	karma
id	title	url	score	time	descendants	by	karma
id	title	url	score	time	descendants	by	karma
id	title	url	score	time	descendants	by	karma
id	title	url	score	time	descendants	by	karma
id	title	url	score	time	descendants	by	karma
id	title	url	score	time	descendants	by	karma
id	title	url	score	time	descendants	by	karma
id	title	url	score	time	descendants	by	karma
id	title	url	score	time	descendants	by	karma
id	title	url	score	time	descendants	by	karma
id	title	url	score	time	descendants	by	karma
id	title	url	score	time	descendants	by	karma
id	title	url	score	time	descendants	by	karma
id	title	url	score	time	descendants	by	karma
id	title	url	score	time	descendants	by	karma
id	title	url	score	time	descendants	by	karma
id	title	url	score	time	descendants	by	karma
id	title	url	score	time	descendants	by	karma
id	title	url	score	time	descendants	by	karma
id	title	url	score	time	descendants	by	karma
id	title	url	score	time	descendants	by	karma
id	title	url	score	time	descendants	by	karma
id	title	url	score	time	descendants	by	karma
id	title	url	score	time	descendants	by	karma
id	title	url	score	time	descendants	by	karma
id	title	url	score	time	descendants	by	karma
id	title	url	score	time	descendants	by	karma
id	title	url	score	time	descendants	by	karma
id	title	url	score	time	descendants	by	karma
id	title	url	score	time	descendants	by	karma
id	title	url	score	time	descendants	by	karma
id	title	url	score	time	descendants	by	karma
id	title	url	score	time	descendants	by	karma
id	title	url	score	time	descendants	by	karma
id	title	url	score	time	descendants	by	karma
id	title	url	score	time	descendants	by	karma
id	title	url	score	time	descendants	by	karma
id	title	url	score	time	descendants	by	karma
id	title	url	score	time	descendants	by	karma
id	title	url	score	time	descendants	by	karma
id	title	url	score	time	descendants	by	karma
id	title	url	score	time	descendants	by	karma
id	title	url	score	time	descendants	by	karma
id	title	url	score	time	descendants	by	karma
id	title	url	score	time	descendants	by	karma
id	title	url	score	time	descendants	by	karma
id	title	url	score	time	descendants	by	karma
id	title	url	score	time	descendants	by	karma
id	title	url	score	time	descendants	by	karma
id	title	url	score	time	descendants	by	karma
id	title	url	score	time	descendants	by	karma
id	title	url	score	time	descendants	by	karma
id	title	url	score	time	descendants	by	karma
id	title	url	score	time	descendants	by	karma
id	title	url	score	time	descendants	by	karma
id	title	url	score	time	descendants	by	karma
id	title	url	score	time	descendants	by	karma
id	title	url	score	time	descendants	by	karma
id	title	url	score	time	descendants	by	karma
id	title	url	score	time	descendants	by	karma
id	title	url	score	time	descendants	by	karma
id	title	url	score	time	descendants	by	karma
id	title	url	score	time	descendants	by	karma
id	title	url	score	time	descendants	by	karma
id	title	url	score	time	descendants	by	karma
id	title	url	score	time	descendants	by	karma
id	title	url	score	time	descendants	by	karma
id	title	url	score	time	descendants	by	karma
id	title	url	score	time	descendants	by	karma
id	title	url	score	time	descendants	by	karma
id	title	url	score	time	descendants	by	karma
id	title	url	score	time	descendants	by	karma
id	title	url	score	time	descendants	by	karma
id	title	url	score	time	descendants	by	karma
id	title	url	score	time	descendants	by	karma
id	title	url	score	time	descendants	by	karma
id	title	url	score	time	descendants	by	karma
id	title	url	score	time	descendants	by	karma
id	title	url	score	time	descendants	by	karma
id	title	url	score	time	descendants	by	karma
id	title	url	score	time	descendants	by	karma
id	title	url	score	time	descendants	by	karma
id	title	url	score	time	descendants	by	karma
id	title	url	score	time	descendants	by	karma
id	title	url	score	time	descendants	by	karma
id	title	url	score	time	descendants	by	karma
id	title	url	score	time	descendants	by	karma
id	title	url	score	time	descendants	by	karma
id	title	url	score	time	descendants	by	karma
id	title	url	score	time	descendants	by	karma
id	title	url	score	time	descendants	by	karma
id	title	url	score	time	descendants	by	karma
id	title	url	score	time	descendants	by	karma
id	title	url	score	time	descendants	by	karma
id	title	url	score	time	descendants	by	karma
id	title	url	score	time	descendants	by	karma
id	title	url	score	time	descendants	by	karma
id	title	url	score	time	descendants	by	karma
id	title	url	score	time	descendants	by	karma
id	title	url	score	time	descendants	by	karma
id	title	url	score	time	descendants	by	karma
id	title	url	score	time	descendants	by	karma
id	title	url	score	time	descendants	by	karma
id	title	url	score	time	descendants	by	karma
id	title	url	score	time	descendants	by	karma
id	title	url	score	time	descendants	by	karma
id	title	url	score	time	descendants	by	karma
id	title	url	score	time	descendants	by	karma
id	title	url	score	time	descendants	by	karma
id	title	url	score	time	descendants	by	karma
id	title	url	score	time	descendants	by	karma
id	title	url	score	time	descendants	by	karma
id	title	url	score	time	descendants	by	karma
id	title	url	score	time	descendants	by	karma
id	title	url	score	time	descendants	by	karma
id	title	url	score	time	descendants	by	karma
id	title	url	score	time	descendants	by	karma
id	title	url	score	time	descendants	by	karma
id	title	url	score	time	descendants	by	karma
id	title	url	score	time	descendants	by	karma
id	title	url	score	time	descendants	by	karma
id	title	url	score	time	descendants	by	karma
id	title	url	score	time	descendants	by	karma
id	title	url	score	time	descendants	by	karma
id	title	url	score	time	descendants	by	karma
id	title	url	score	time	descendants	by	karma
id	title	url	score	time	descendants	by	karma
id	title	url	score	time	descendants	by	karma
id	title	url	score	time	descendants	by	karma
id	title	url	score	time	descendants	by	karma
id	title	url	score	time	descendants	by	karma
id	title	url	score	time	descendants	by	karma
id	title	url	score	time	descendants	by	karma
id	title	url	score	time	descendants	by	karma
id	title	url	score	time	descendants	by	karma
id	title	url	score	time	descendants	by	karma
id	title	url	score	time	descendants	by	karma
id	title	url	score	time	descendants	by	karma
id	title	url	score	time	descendants	by	karma
id	title	url	score	time	descendants	by	karma
id	title	url	score	time	descendants	by	karma
id	title	url	score	time	descendants	by	karma
id	title	url	score	time	descendants	by	karma
id	title	url	score	time	descendants	by	karma
id	title	url	score	time	descendants	by	karma
id	title	url	score	time	descendants	by	karma
id	title	url	score	time	descendants	by	karma
id	title	url	score	time	descendants	by	karma
id	title	url	score	time	descendants	by	karma
id	title	url	score	time	descendants	by	karma
id	title	url	score	time	descendants	by	karma
id	title	url	score	time	descendants	by	karma
id	title	url	score	time	descendants	by	karma
id	title	url	score	time	descendants	by	karma
id	title	url	score	time	descendants	by	karma
id	title	url	score	time	descendants	by	karma
id	title	url	score	time	descendants	by	karma
id	title	url	score	time	descendants	by	karma
id	title	url	score	time	descendants	by	karma
id	title	url	score	time	descendants	by	karma
id	title	url	score	time	descendants	by	karma
id	title	url	score	time	descendants	by	karma
id	title	url	score	time	descendants	by	karma
id	title	url	score	time	descendants	by	karma
id	title	url	score	time	descendants	by	karma
id	title	url	score	time	descendants	by	karma
id	title	url	score	time	descendants	by	karma
id	title	url	score	time	descendants	by	karma
id	title	url	score	time	descendants	by	karma
id	title	url	score	time	descendants	by	karma
id	title	url	score	time	descendants	by	karma
id	title	url	score	time	descendants	by	karma
id	title	url	score	time	descendants	by	karma
id	title	url	score	time	descendants	by	karma
id	title	url	score	time	descendants	by	karma
id	title	url	score	time	descendants	by	karma
id	title	url	score	time	descendants	by	karma
id	title	url	score	time	descendants	by	karma
id	title	url	score	time	descendants	by	karma
id	title	url	score	time	descendants	by	karma
id	title	url	score	time	descendants	by	karma
id	title	url	score	time	descendants	by	karma
id	title	url	score	time	descendants	by	karma
id	title	url	score	time	descendants	by	karma
id	title	url	score	time	descendants	by	karma
id	title	url	score	time	descendants	by	karma
id	title	url	score	time	descendants	by	karma
id	title	url	score	time	descendants	by	karma
id	title	url	score	time	descendants	by	karma
id	title	url	score	time	descendants	by	karma
id	title	url	score	time	descendants	by	karma
id	title	url	score	time	descendants	by	karma
id	title	url	score	time	descendants	by	karma
id	title	url	score	time	descendants	by	karma
id	title	url	score	time	descendants	by	karma
id	title	url	score	time	descendants	by	karma
id	title	url	score	time	descendants	by	karma
id	title	url	score	time	descendants	by	karma
id	title	url	score	time	descendants	by	karma
id	title	url	score	time	descendants	by	karma
id	title	url	score	time	descendants	by	karma
id	title	url	score	time	descendants	by	karma
id	title	url	score	time	descendants	by	karma
id	title	url	score	time	descendants	by	karma
id	title	url	score	time	descendants	by	karma
id	title	url	score	time	descendants	by	karma
id	title	url	score	time	descendants	by	karma
id	title	url	score	time	descendants	by	karma
id	title	url	score	time	descendants	by	karma
id	title	url	score	time	descendants	by	karma
id	title	url	score	time	descendants	by	karma
id	title	url	score	time	descendants	by	karma
id	title	url	score	time	descendants	by	karma
id	title	url	score	time	descendants	by	karma
id	title	url	score	time	descendants	by	karma
id	title	url	score	time	descendants	by	karma
id	title	url	score	time	descendants	by	karma
